code,keyword
foot-23-03-4set,かかと 靴擦れ 防止
tb-23-01,オーラルb 替えブラシ
wat-sma-01,スマートウォッチ ベルト
foot-22-02-3set,つま先 クッション
wat-os-01,オメガスウォッチ ベルト
scarf-23-01,リトミックスカーフ
fel-22-02,傷防止 フェルト
cg-22-03,排水口 ゴミ受け
foot-23-05,かかと 靴擦れ 防止
tb-23-01-4set,オーラルb 替えブラシ
yoga-23-03-00set,ヨガソックス
si-23-03,孫の手
si-21-01,排水口 ゴミ受け
foot-22-01-3set,o脚 インソール
tb-23-01-2set,オーラルb 替えブラシ
wat-sma-03a,スマートウォッチ ベルト
ih-22-10-0set,眉毛 ハサミ
foot-25-04,外反母趾サポーター
si-23-09,電子ホイッスル
nt-19-01a,ワンタッチネクタイ
foot-23-02-4set,足裏保護パッド
si-22-05,爪切り
cg-22-03-2set,排水口 ゴミ受け
yoga-23-01-00set,ヨガソックス
foot-22-04-2set,かかと 靴擦れ 防止
tb-23-02,フィリップス 替えブラシ
wat-fb-21-02,fitbit versa4 ベルト
ih-23-01-00set,鍋敷き
ih-21-01,かかとやすり
eq-22-01-clear-2set,耐震マット
wat-sma-10,スマートウォッチ ベルト
wat-sma-04-set1,スマートウォッチ ベルト
sb-01,ショルダーベルト
foot-22-03-3set,つま先インソール
ih-21-02,かかとソックス
foot-25-03,土踏まず サポーター
sb-04,ショルダーベルト
si-22-08,爪垢取り
si-22-10,メガネ 鼻パッド
fel-22-02-2set,傷防止 フェルト
ih-22-01,マウスパッド
foot-25-05,足裏保護パッド
foot-25-06,足指 サポーター
nt-19-01-00set,ワンタッチネクタイ
wat-fb-21-03,fitbit versa4 ベルト
ih-23-13,ビニール 巾着
wat-sma-01b,時計ベルト
ih-24-05,電動 爪切り
si-22-11-00set,メガネ 鼻パッド
sb-05,ショルダーベルト
si-21-01-0set,排水口 ゴミ受け
cg-22-05,排水口 ゴミ受け
si-23-02-00set,メモスタンド
wat-18-08-set,suunto core バンド
si-22-07,爪切り ニッパー
ih-22-02,精密ドライバー
ih-23-11,洗濯ネット
eq-22-01,耐震マット
zak-18-17-38,ショルダーベルト
tb-23-02-4set,フィリップス 替えブラシ
wat-sma-07,スマートウォッチ ベルト
gar-feni-03,garmin ベルト
wat-18-22,gショック ベルト
cab-25-01,shokz 充電ケーブル
ih-21-03a,かかとクリーム
ih-21-04,かかと 角質削り
wat-sma-03,スマートウォッチ ベルト
yoga-23-02-set,ヨガソックス
zak-18-17-50,ショルダーベルト
tb-23-02-2set,フィリップス 替えブラシ
tb-23-01-3set,オーラルb 替えブラシ
wat-18-04-set,luminox ベルト
bloop-18-02,Gショック ベルトループ
fas-16-02-yellow,蝶ネクタイ 黄色
si-23-01-00set,メモスタンド
wat-sma-09,スマートウォッチ ベルト
fas-17-03,ネックレス ペア
ih-22-05,精密ピンセット
si-22-06,静電気除去ブレスレット
baby-23-01-miton,ベビーミトン
fel-22-01,傷防止 フェルト
si-22-04a,カチューシャ
si-23-04-00set,孫の手
wat-18-08,suunto core バンド
si-22-01,風呂 チェーン
cab-25-02,Garmin 充電ケーブル
bg-01-con-20set,コンセントカバー
ih-21-01-set,かかとケア
wat-18-04,luminox ベルト
sb-02,ショルダーベルト
si-22-03-0set,排水口 ゴミ受け
wat-18-14,luminox ベルト
fas-16-02-b,蝶ネクタイ 黒
bloop-18-02-2set,Gショック ベルトループ
si-23-06,ソファ 滑り止め
wat-fb-21-06,fitbit charge5 バンド
car-02-01-kougu,プロテクションフィルム
fel-22-01-2set,傷防止 フェルト
eq-22-04-clear-mat,耐震マット
wat-18-07-set,ベルトループ スント
wat-18-22-0set,gショック ベルト
bg-02-con-hook-20set,コンセントガード
wat-18-05,gショック ベルト
wat-sma-02b,時計ベルト ナイロン
wat-fb-21-08,fitbit charge5 バンド
zak-18-17-25,ショルダーベルト
cam-21-01,NDフィルター
si-22-01-3set,排水口 ゴミ受け
si-23-07,ニップレス
si-22-04a-set1,コーム メンズ
si-23-11,鼻毛はさみ
wat-fb-12,fitbit inspire hr
wat-sma-04-set2,スマートウォッチ ベルト
baby-23-02,ベビーソックス
foot-25-01,内反小趾 サポーター
eq-22-05-toilet,携帯トイレ
ih-22-01-2set,マウスパッド
si-22-04-00set,コーム メンズ
wat-sma-03-0set1,スマートウォッチ ベルト
zak-18-07-05c,引き出し ストッパー
fas-16-02-2set,蝶ネクタイ
wat-18-14-set,luminox ベルト
fing-25-02,ばね指 サポーター
foot-23-01-4set,かかと 靴擦れ 防止
ih-22-04,魔法のテープ
si-24-01,水平器
si-22-06-brush,除電ブラシ
wat-sma-01-0set,スマートウォッチ ベルト
wat-sma-08,スマートウォッチ ベルト
wat-18-05-set2,gショック ベルト
neck-long,ロングネックレス
fas-16-02-r,蝶ネクタイ えんじ
bloop-18-01-30,時計 ベルトループ
eq-22-02,耐震ベルト
zak-20-16-05,コンセントプラグカバー
cab-16-02-01,イヤホン 延長コード 1m
zak-20-16-50,コンセントプラグカバー
cg-22-04,排水口 ゴミ受け
wat-18-07,ベルトループ スント
zak-20-16-10,コンセントプラグカバー
pc-19-02,ポケットチーフ
si-22-03,排水口 ゴミ受け
fas-16-01-green,ネクタイ 緑
fas-16-01-white,ネクタイ 白
fas-16-02-green,蝶ネクタイ 緑
fas-16-02-red2,蝶ネクタイ 赤
bg-03-con-mesu-30set,コンセントプラグカバー
bg-04-nylon-10set,引き出し ストッパー
bg-09-usbc-mesu-20set,usb 保護カバー
ih-22-03-12set,精密ドライバー
zak-20-16-20,コンセントプラグカバー
zak-20-18-10,usb 保護カバー
zak-18-07-10,引き出し ストッパー
fas-16-01-black1,ネクタイ 黒
fas-16-01-gray,ネクタイ グレー
fas-16-01-pink,ネクタイ ピンク
fas-16-01-purple,ネクタイ 紫
fas-16-01-red,ネクタイ 赤
fas-16-02-purple,蝶ネクタイ 紫
fas-16-02-w,蝶ネクタイ 白
bloop-18-01-18,時計 ベルトループ
bloop-18-01-20,時計 ベルトループ
bloop-18-01-24,時計 ベルトループ
cam-21-01-2set,NDフィルター
cam-21-02-2set,CPLフィルター
cam-21-02,CPLフィルター
car-02-01-2set-hera,プロテクションフィルム
cg-22-04-2set,排水口 ゴミ受け
cg-22-06,排水口 蓋
fas-16-01-2set,ネクタイ
foot-23-04,靴擦れ防止テープ
neck-long-0set,ロングネックレス
pc-19-02-0set,ポケットチーフ
sb-01-2set,ショルダーベルト
sb-02-2set,ショルダーベルト
sb-06,ショルダーベルト
sb-08,ショルダーベルト
si-22-03-3set,排水口 ゴミ受け
bg-05-ori-5set,窓ストッパー
bg-06-kakon-10set,引き出し ストッパー
bg-07-usb-mesu-20set,usb 保護カバー
bg-08-usb-osu-20set,usb 保護カバー
si-24-02,ペット 爪切り
si-24-03,脇汗パッド
bloop-18-01-12,時計 ベルトループ
bloop-18-01-14,時計 ベルトループ
bloop-18-01-14-2set,時計 ベルトループ
bloop-18-01-16-2set,時計 ベルトループ
bloop-18-01-18-2set,時計 ベルトループ
bloop-18-01-20-2set,時計 ベルトループ
bloop-18-01-22,時計 ベルトループ
bloop-18-01-22-2set,時計 ベルトループ
bloop-18-01-24-2set,時計 ベルトループ
bloop-18-01-26,時計 ベルトループ
bloop-18-01-26-2set,時計 ベルトループ
bloop-18-01-28,時計 ベルトループ
bg-10-usbc-osu-20set,usb 保護カバー
bloop-18-01-10,時計 ベルトループ
bloop-18-01-10-2set,時計 ベルトループ
bloop-18-01-28-2set,時計 ベルトループ
ca-02-01-hera,プロテクションフィルム
car-02-03,カーフィルム ヘラ
bloop-18-01-30-2set,時計 ベルトループ
fas-16-01-blue,ネクタイ 青
fas-16-01-brown,ネクタイ 茶色
fas-16-01-navy,ネクタイ 紺
fas-16-01-orange,ネクタイ オレンジ
fas-16-01-yellow,ネクタイ 黄色
fas-16-02-navy,蝶ネクタイ 紺色
fas-16-02-orange,蝶ネクタイ オレンジ
si-22-02,huawei 充電ケーブル
si-22-02-2set,huawei 充電ケーブル
si-23-10,スーツケースベルト
si-23-12,三角カラビナ
tb-23-02-3set,フィリップス 替えブラシ
tb-23-03,フィリップス 替えブラシ
wat-18-01,時計ベルト 交換工具
wat-fb-21-00,fitbit charge5 カバー
wat-fb-21-01,Fitbit Versa3 充電ケーブル
wat-fb-21-07,fitbit charge5 バンド
wat-fb-21-09,fitbit charge5 バンド
wat-fb-21-05,fitbit versa4 ベルト
wat-sma-02,スマートウォッチ ベルト
wat-sma-04-set1a,時計ベルト ステンレス
wat-sma-05,スマートウォッチ ベルト
wat-sma-05-0set,スマートウォッチ ベルト
zak-18-07,引き出し ストッパー
zak-18-07-20,引き出し ストッパー
zak-18-11-05a,コンセントカバー
zak-18-11-20,コンセントカバー
zak-18-17-32,ショルダーベルト
wat-sma-02-0set,スマートウォッチ ベルト
zak-18-11-10,コンセントカバー
zak-20-17-05,usb 保護カバー
zak-20-17-20,usb 保護カバー
zak-20-18-05,usb 保護カバー
zak-20-18-20,usb 保護カバー
zak-20-18-50,usb 保護カバー
zak-20-17-10,usb 保護カバー
bloop-18-01-12-2set,時計 ベルトループ
bloop-18-01-16,時計 ベルトループ
car-02-01-2set-kougu,プロテクションフィルム
gar-fa-01,garmin 充電ケーブル
gar-fa-02,garmin ベルト
tb-23-03-2set,フィリップス 替えブラシ
tb-23-03-3set,フィリップス 替えブラシ
tb-23-03-4set,フィリップス 替えブラシ
wat-fb-14,fitbit charge3 充電ケーブル
zak-18-11-50,コンセントカバー
zak-20-17-50,usb 保護カバー
gar-fa-04,garmin ベルト
